value,Type,Severity,Created,Modified,Tag
d79516c0606b7bb7c9cb491146528c48,MD5,Medium,2026-09-16 12:32:20,2026-09-16 12:32:20,Test Hash File 1
8fde1450eed102d6937f3e856db7c3bfcc13f7b1ea93862557878d11c236ddd3,SHA256,Medium,2026-09-16 12:32:20,2026-09-16 12:32:20,Test Hash File 1
8400b33b279dc379e6b13fae50ca9398,MD5,High,2026-09-16 12:32:20,2026-09-16 12:32:20,Test Hash File 2
29aa2c9981dd5653696cba6869dc991726572a87cb88708abd8f49bda3f9da67,SHA256,High,2026-09-16 12:32:20,2026-09-16 12:32:20,Test Hash File 2
4afa78e3de2cbdbdcd63255fb39c1bfb,MD5,Critical,2026-09-16 12:32:20,2026-09-16 12:32:20,Test Hash File 3
c8bf73607790b8bdff917a1598244c5c1ab3d2cfe0dc483a9fe34837c87ddf27,SHA256,Critical,2026-09-16 12:32:20,2026-09-16 12:32:20,Test Hash File 3
41f3186057c5e9e197a3b811cd8d4e6f,MD5,High,2026-09-16 12:32:20,2026-09-16 12:32:20,Test Hash File 4
92d9c3285c2fcee38cb6e208273d9f3aac37f8a2c9a6516ef87eb76e8cb9dc18,SHA256,High,2026-09-16 12:32:20,2026-09-16 12:32:20,Test Hash File 4
3341c2d773a7e5abad37a6f553a89fdf,MD5,High,2026-09-16 12:32:20,2026-09-16 12:32:20,Test Hash File 5
52797484f5f462485bdc231584d1558d14b119eed56f42ced596932ce6741dcd,SHA256,High,2026-09-16 12:32:20,2026-09-16 12:32:20,Test Hash File 5
44d88612fea8a8f36de82e1278abb02f,MD5,Critical,2024-09-10 11:28:44,2024-09-19 9:10:06,"Test Hash "
b67d4ec2a52082869cef4ba4dd7e4eb8,MD5,Critical,2022-05-05 11:28:44,2023-05-05 9:10:06,"Regression hash added on demand"
d7f5a2f49265831f482fbe936c201f1e,MD5,High,2024-09-10 11:28:44,2024-09-19 9:10:06,"CDB hash added on demand"
